PDB ID,Chain,Res ID,Res Name,model pKa,Predict pKa,Target pKa,Predict pKa shift,Target pKa shift,,index
6YKP,A,2,ASP,3.7,3.325482607,,-0.374517393,,,1
6YKP,A,20,ASP,3.7,6.39915657,,2.69915657,,,2
6YKP,A,23,GLU,4.2,5.398675442,,1.198675442,,,3
6YKP,A,29,HIS,6.34,6.253211498,,-0.086788502,,,4
6YKP,A,32,HIS,6.34,6.068811893,,-0.271188107,,,5
6YKP,A,52,HIS,6.34,3.193261623,,-3.146738377,,,6
6YKP,A,53,LYS,10.4,10.09863663,,-0.301363373,,,7
6YKP,A,54,LYS,10.4,10.7328577,,0.332857704,,,8
6YKP,A,57,LYS,10.4,10.52079582,,0.120795822,,,9
6YKP,A,61,LYS,10.4,10.79669762,,0.396697617,,,10
6YKP,A,62,GLU,4.2,3.507228136,,-0.692771864,,,11
6YKP,A,64,LYS,10.4,10.43392944,,0.033929443,,,12
6YKP,A,68,LYS,10.4,10.29990482,,-0.100095177,,,13
6YKP,A,76,GLU,4.2,3.952843666,,-0.247156334,,,14
6YKP,A,83,GLU,4.2,4.588039398,,0.388039398,,,15
6YKP,A,91,ASP,3.7,3.929291248,,0.229291248,,,16
6YKP,A,97,GLU,4.2,4.361236095,,0.161236095,,,17
6YKP,A,102,GLU,4.2,4.033546448,,-0.166453552,,,18
6YKP,A,104,GLU,4.2,4.069191933,,-0.130808067,,,19
6YKP,A,106,GLU,4.2,3.389053345,,-0.810946655,,,20
6YKP,A,109,LYS,10.4,11.10960388,,0.709603882,,,21
6YKP,A,117,ASP,3.7,4.054427624,,0.354427624,,,22
6YKP,A,119,LYS,10.4,11.31040382,,0.910403824,,,23
6YKP,A,122,GLU,4.2,3.79119873,,-0.40880127,,,24
6YKP,A,123,GLU,4.2,3.675724506,,-0.524275494,,,25
6YKP,A,125,HIS,6.34,7.70737648,,1.36737648,,,26
6YKP,A,126,GLU,4.2,4.065156937,,-0.134843063,,,27
6YKP,A,129,GLU,4.2,4.440591812,,0.240591812,,,28
6YKP,A,133,GLU,4.2,4.437991142,,0.237991142,,,29
6YKP,A,136,GLU,4.2,4.578644276,,0.378644276,,,30
6YKP,A,137,GLU,4.2,3.850161076,,-0.349838924,,,31
6YKP,A,138,HIS,6.34,7.396211147,,1.056211147,,,32
6YKP,A,140,LYS,10.4,10.96774864,,0.567748642,,,33
6YKP,A,141,GLU,4.2,3.900598764,,-0.299401236,,,34
6YKP,A,144,GLU,4.2,4.630188942,,0.430188942,,,35
6YKP,A,151,GLU,4.2,4.740280628,,0.540280628,,,36
6YKP,A,170,LYS,10.4,10.95454884,,0.554548836,,,37
6YKP,A,173,ASP,3.7,3.446306467,,-0.253693533,,,38
6YKP,A,205,LYS,10.4,11.00093269,,0.600932693,,,39
6YKP,A,206,LYS,10.4,10.83660221,,0.436602211,,,40
6YKP,A,208,LYS,10.4,10.84234142,,0.442341423,,,41
6YKP,A,213,ASP,3.7,3.614974737,,-0.085025263,,,42
6YKP,A,216,LYS,10.4,10.72098732,,0.32098732,,,43
6YKP,A,217,GLU,4.2,4.351452351,,0.151452351,,,44
6YKP,A,223,GLU,4.2,5.282256603,,1.082256603,,,45
6YKP,A,226,LYS,10.4,11.59247017,,1.192470169,,,46
6YKP,A,230,GLU,4.2,4.436477661,,0.236477661,,,47
6YKP,A,236,ASP,3.7,3.208028555,,-0.491971445,,,48
6YKP,A,238,GLU,4.2,5.19903326,,0.99903326,,,49
6YKP,A,240,LYS,10.4,11.62134171,,1.221341705,,,50
6YKP,A,247,HIS,6.34,6.532358646,,0.192358646,,,51
6YKP,A,248,ASP,3.7,2.384180546,,-1.315819454,,,52
6YKP,A,249,ASP,3.7,2.951473713,,-0.748526287,,,53
6YKP,B,2,ASP,3.7,1.621216059,,-2.078783941,,,54
6YKP,B,20,ASP,3.7,7.833277702,,4.133277702,,,55
6YKP,B,23,GLU,4.2,5.732060432,,1.532060432,,,56
6YKP,B,29,HIS,6.34,6.287031651,,-0.052968349,,,57
6YKP,B,32,HIS,6.34,6.404257774,,0.064257774,,,58
6YKP,B,52,HIS,6.34,2.268908739,,-4.071091261,,,59
6YKP,B,53,LYS,10.4,10.40916252,,0.009162521,,,60
6YKP,B,54,LYS,10.4,10.76805305,,0.368053055,,,61
6YKP,B,57,LYS,10.4,10.47986126,,0.079861259,,,62
6YKP,B,61,LYS,10.4,10.77950382,,0.379503822,,,63
6YKP,B,62,GLU,4.2,4.103937149,,-0.096062851,,,64
6YKP,B,64,LYS,10.4,10.69245911,,0.292459106,,,65
6YKP,B,68,LYS,10.4,10.53959942,,0.139599419,,,66
6YKP,B,76,GLU,4.2,4.236071587,,0.036071587,,,67
6YKP,B,83,GLU,4.2,4.49002552,,0.29002552,,,68
6YKP,B,91,ASP,3.7,4.245130062,,0.545130062,,,69
6YKP,B,97,GLU,4.2,4.107718945,,-0.092281055,,,70
6YKP,B,102,GLU,4.2,3.963389158,,-0.236610842,,,71
6YKP,B,104,GLU,4.2,3.991747141,,-0.208252859,,,72
6YKP,B,106,GLU,4.2,3.735225677,,-0.464774323,,,73
6YKP,B,109,LYS,10.4,11.40896893,,1.008968925,,,74
6YKP,B,117,ASP,3.7,4.221581459,,0.521581459,,,75
6YKP,B,119,LYS,10.4,11.22259617,,0.822596169,,,76
6YKP,B,122,GLU,4.2,3.813467026,,-0.386532974,,,77
6YKP,B,123,GLU,4.2,4.187908649,,-0.012091351,,,78
6YKP,B,125,HIS,6.34,7.601174355,,1.261174355,,,79
6YKP,B,126,GLU,4.2,4.22121191,,0.02121191,,,80
6YKP,B,129,GLU,4.2,4.442632198,,0.242632198,,,81
6YKP,B,133,GLU,4.2,5.045646667,,0.845646667,,,82
6YKP,B,136,GLU,4.2,4.566539764,,0.366539764,,,83
6YKP,B,137,GLU,4.2,4.608701229,,0.408701229,,,84
6YKP,B,138,HIS,6.34,7.32363224,,0.98363224,,,85
6YKP,B,140,LYS,10.4,11.24113941,,0.841139412,,,86
6YKP,B,141,GLU,4.2,4.124087334,,-0.075912666,,,87
6YKP,B,144,GLU,4.2,4.23927927,,0.03927927,,,88
6YKP,B,151,GLU,4.2,4.913887978,,0.713887978,,,89
6YKP,B,170,LYS,10.4,10.83763981,,0.437639809,,,90
6YKP,B,173,ASP,3.7,3.297753334,,-0.402246666,,,91
6YKP,B,205,LYS,10.4,11.27687359,,0.876873589,,,92
6YKP,B,206,LYS,10.4,10.33797264,,-0.062027359,,,93
6YKP,B,208,LYS,10.4,10.72294712,,0.322947121,,,94
6YKP,B,213,ASP,3.7,3.417575121,,-0.282424879,,,95
6YKP,B,216,LYS,10.4,11.15971661,,0.759716606,,,96
6YKP,B,217,GLU,4.2,3.651483774,,-0.548516226,,,97
6YKP,B,223,GLU,4.2,5.008929253,,0.808929253,,,98
6YKP,B,226,LYS,10.4,11.35183144,,0.951831436,,,99
6YKP,B,230,GLU,4.2,4.094704628,,-0.105295372,,,100
6YKP,B,236,ASP,3.7,3.04254055,,-0.65745945,,,101
6YKP,B,238,GLU,4.2,5.750317574,,1.550317574,,,102
6YKP,B,240,LYS,10.4,10.92194271,,0.521942711,,,103
6YKP,B,247,HIS,6.34,6.687718391,,0.347718391,,,104
6YKP,B,248,ASP,3.7,2.217174292,,-1.482825708,,,105
6YKP,B,249,ASP,3.7,3.474542856,,-0.225457144,,,106
6YKP,C,2,ASP,3.7,2.081151962,,-1.618848038,,,107
6YKP,C,20,ASP,3.7,5.695976257,,1.995976257,,,108
6YKP,C,23,GLU,4.2,6.246000767,,2.046000767,,,109
6YKP,C,29,HIS,6.34,6.235502243,,-0.104497757,,,110
6YKP,C,32,HIS,6.34,5.241749763,,-1.098250237,,,111
6YKP,C,52,HIS,6.34,2.882327557,,-3.457672443,,,112
6YKP,C,53,LYS,10.4,10.27670383,,-0.123296165,,,113
6YKP,C,54,LYS,10.4,10.50702477,,0.107024765,,,114
6YKP,C,57,LYS,10.4,10.30116272,,-0.09883728,,,115
6YKP,C,61,LYS,10.4,10.75192165,,0.351921654,,,116
6YKP,C,62,GLU,4.2,3.875154734,,-0.324845266,,,117
6YKP,C,64,LYS,10.4,10.33217907,,-0.06782093,,,118
6YKP,C,68,LYS,10.4,10.31521034,,-0.084789658,,,119
6YKP,C,76,GLU,4.2,4.008790016,,-0.191209984,,,120
6YKP,C,83,GLU,4.2,4.057479382,,-0.142520618,,,121
6YKP,C,91,ASP,3.7,3.917072058,,0.217072058,,,122
6YKP,C,97,GLU,4.2,4.344463825,,0.144463825,,,123
6YKP,C,102,GLU,4.2,4.022366047,,-0.177633953,,,124
6YKP,C,104,GLU,4.2,3.883735895,,-0.316264105,,,125
6YKP,C,106,GLU,4.2,3.889331818,,-0.310668182,,,126
6YKP,C,109,LYS,10.4,10.96020889,,0.560208893,,,127
6YKP,C,117,ASP,3.7,3.880847692,,0.180847692,,,128
6YKP,C,119,LYS,10.4,11.22160721,,0.821607208,,,129
6YKP,C,122,GLU,4.2,3.614622831,,-0.585377169,,,130
6YKP,C,123,GLU,4.2,4.441449165,,0.241449165,,,131
6YKP,C,125,HIS,6.34,7.172417641,,0.832417641,,,132
6YKP,C,126,GLU,4.2,4.513269424,,0.313269424,,,133
6YKP,C,129,GLU,4.2,4.346410275,,0.146410275,,,134
6YKP,C,133,GLU,4.2,4.761507034,,0.561507034,,,135
6YKP,C,136,GLU,4.2,4.650378227,,0.450378227,,,136
6YKP,C,137,GLU,4.2,4.257995605,,0.057995605,,,137
6YKP,C,138,HIS,6.34,6.922480583,,0.582480583,,,138
6YKP,C,140,LYS,10.4,10.96034908,,0.560349083,,,139
6YKP,C,141,GLU,4.2,3.75501895,,-0.44498105,,,140
6YKP,C,144,GLU,4.2,4.0652771,,-0.1347229,,,141
6YKP,C,151,GLU,4.2,4.58274889,,0.38274889,,,142
6YKP,C,170,LYS,10.4,10.85642719,,0.456427193,,,143
6YKP,C,173,ASP,3.7,3.396562576,,-0.303437424,,,144
6YKP,C,205,LYS,10.4,10.69960976,,0.299609756,,,145
6YKP,C,206,LYS,10.4,10.67846012,,0.278460121,,,146
6YKP,C,208,LYS,10.4,10.90690899,,0.506908989,,,147
6YKP,C,213,ASP,3.7,3.838639021,,0.138639021,,,148
6YKP,C,216,LYS,10.4,11.44477844,,1.044778442,,,149
6YKP,C,217,GLU,4.2,4.865665913,,0.665665913,,,150
6YKP,C,223,GLU,4.2,4.591104507,,0.391104507,,,151
6YKP,C,226,LYS,10.4,11.87396336,,1.473963356,,,152
6YKP,C,230,GLU,4.2,4.594209194,,0.394209194,,,153
6YKP,C,236,ASP,3.7,2.694124937,,-1.005875063,,,154
6YKP,C,238,GLU,4.2,4.703475952,,0.503475952,,,155
6YKP,C,240,LYS,10.4,11.60305405,,1.203054047,,,156
6YKP,C,247,HIS,6.34,6.74765873,,0.40765873,,,157
6YKP,C,248,ASP,3.7,2.955118656,,-0.744881344,,,158
6YKP,C,249,ASP,3.7,2.660316467,,-1.039683533,,,159
6YKP,D,2,ASP,3.7,2.301458359,,-1.398541641,,,160
6YKP,D,20,ASP,3.7,7.191236973,,3.491236973,,,161
6YKP,D,23,GLU,4.2,6.052918434,,1.852918434,,,162
6YKP,D,29,HIS,6.34,6.310760498,,-0.029239502,,,163
6YKP,D,32,HIS,6.34,5.867559433,,-0.472440567,,,164
6YKP,D,52,HIS,6.34,3.417853117,,-2.922146883,,,165
6YKP,D,53,LYS,10.4,10.22551727,,-0.174482727,,,166
6YKP,D,54,LYS,10.4,10.47245216,,0.072452164,,,167
6YKP,D,57,LYS,10.4,10.29232121,,-0.107678795,,,168
6YKP,D,61,LYS,10.4,11.07570076,,0.67570076,,,169
6YKP,D,62,GLU,4.2,3.918888092,,-0.281111908,,,170
6YKP,D,64,LYS,10.4,10.41844082,,0.018440819,,,171
6YKP,D,68,LYS,10.4,10.30906773,,-0.090932274,,,172
6YKP,D,76,GLU,4.2,4.044089317,,-0.155910683,,,173
6YKP,D,83,GLU,4.2,4.4167099,,0.2167099,,,174
6YKP,D,91,ASP,3.7,3.704694748,,0.004694748,,,175
6YKP,D,97,GLU,4.2,4.3694067,,0.1694067,,,176
6YKP,D,102,GLU,4.2,4.029056072,,-0.170943928,,,177
6YKP,D,104,GLU,4.2,3.933129311,,-0.266870689,,,178
6YKP,D,106,GLU,4.2,3.767489433,,-0.432510567,,,179
6YKP,D,109,LYS,10.4,10.96039486,,0.560394859,,,180
6YKP,D,117,ASP,3.7,4.224484921,,0.524484921,,,181
6YKP,D,119,LYS,10.4,11.06200123,,0.662001228,,,182
6YKP,D,122,GLU,4.2,3.960157394,,-0.239842606,,,183
6YKP,D,123,GLU,4.2,4.192919254,,-0.007080746,,,184
6YKP,D,125,HIS,6.34,7.687990189,,1.347990189,,,185
6YKP,D,126,GLU,4.2,4.008615017,,-0.191384983,,,186
6YKP,D,129,GLU,4.2,4.42738533,,0.22738533,,,187
6YKP,D,133,GLU,4.2,4.724722862,,0.524722862,,,188
6YKP,D,136,GLU,4.2,4.360256195,,0.160256195,,,189
6YKP,D,137,GLU,4.2,4.648788929,,0.448788929,,,190
6YKP,D,138,HIS,6.34,7.042955875,,0.702955875,,,191
6YKP,D,140,LYS,10.4,11.24188328,,0.841883278,,,192
6YKP,D,141,GLU,4.2,3.958302975,,-0.241697025,,,193
6YKP,D,144,GLU,4.2,4.206327915,,0.006327915,,,194
6YKP,D,151,GLU,4.2,3.916840553,,-0.283159447,,,195
6YKP,D,170,LYS,10.4,10.77416134,,0.374161339,,,196
6YKP,D,173,ASP,3.7,3.570012808,,-0.129987192,,,197
6YKP,D,205,LYS,10.4,11.17029095,,0.770290947,,,198
6YKP,D,206,LYS,10.4,10.90344429,,0.50344429,,,199
6YKP,D,208,LYS,10.4,11.11778355,,0.717783546,,,200
6YKP,D,213,ASP,3.7,3.863969326,,0.163969326,,,201
6YKP,D,216,LYS,10.4,11.56371117,,1.163711166,,,202
6YKP,D,217,GLU,4.2,4.629226208,,0.429226208,,,203
6YKP,D,223,GLU,4.2,4.869458199,,0.669458199,,,204
6YKP,D,226,LYS,10.4,12.14572716,,1.745727158,,,205
6YKP,D,230,GLU,4.2,4.495554924,,0.295554924,,,206
6YKP,D,236,ASP,3.7,3.609203815,,-0.090796185,,,207
6YKP,D,238,GLU,4.2,5.34562397,,1.14562397,,,208
6YKP,D,240,LYS,10.4,11.48383904,,1.083839035,,,209
6YKP,D,247,HIS,6.34,6.932267189,,0.592267189,,,210
6YKP,D,248,ASP,3.7,3.199815989,,-0.500184011,,,211
6YKP,D,249,ASP,3.7,2.638876677,,-1.061123323,,,212
6YKP,E,2,ASP,3.7,2.875572205,,-0.824427795,,,213
6YKP,E,20,ASP,3.7,6.485811234,,2.785811234,,,214
6YKP,E,23,GLU,4.2,4.953878403,,0.753878403,,,215
6YKP,E,29,HIS,6.34,5.678449631,,-0.661550369,,,216
6YKP,E,32,HIS,6.34,6.454189301,,0.114189301,,,217
6YKP,E,52,HIS,6.34,2.326159,,-4.013841,,,218
6YKP,E,53,LYS,10.4,9.945105553,,-0.454894447,,,219
6YKP,E,54,LYS,10.4,10.52844143,,0.128441429,,,220
6YKP,E,57,LYS,10.4,10.41285515,,0.012855148,,,221
6YKP,E,61,LYS,10.4,10.94177818,,0.541778183,,,222
6YKP,E,62,GLU,4.2,4.050692558,,-0.149307442,,,223
6YKP,E,64,LYS,10.4,10.39056301,,-0.009436989,,,224
6YKP,E,68,LYS,10.4,10.39195728,,-0.008042717,,,225
6YKP,E,76,GLU,4.2,4.39114666,,0.19114666,,,226
6YKP,E,83,GLU,4.2,4.584912777,,0.384912777,,,227
6YKP,E,91,ASP,3.7,3.82645154,,0.12645154,,,228
6YKP,E,97,GLU,4.2,4.19848299,,-0.00151701,,,229
6YKP,E,102,GLU,4.2,4.239664078,,0.039664078,,,230
6YKP,E,104,GLU,4.2,4.018458366,,-0.181541634,,,231
6YKP,E,106,GLU,4.2,3.934975147,,-0.265024853,,,232
6YKP,E,109,LYS,10.4,10.96618366,,0.566183662,,,233
6YKP,E,117,ASP,3.7,3.956434011,,0.256434011,,,234
6YKP,E,119,LYS,10.4,11.27051735,,0.870517349,,,235
6YKP,E,122,GLU,4.2,3.379053831,,-0.820946169,,,236
6YKP,E,123,GLU,4.2,4.44110775,,0.24110775,,,237
6YKP,E,125,HIS,6.34,7.664301872,,1.324301872,,,238
6YKP,E,126,GLU,4.2,4.539913177,,0.339913177,,,239
6YKP,E,129,GLU,4.2,4.152475357,,-0.047524643,,,240
6YKP,E,133,GLU,4.2,4.544252872,,0.344252872,,,241
6YKP,E,136,GLU,4.2,4.396774769,,0.196774769,,,242
6YKP,E,137,GLU,4.2,4.217207909,,0.017207909,,,243
6YKP,E,138,HIS,6.34,6.973233223,,0.633233223,,,244
6YKP,E,140,LYS,10.4,11.38344383,,0.983443832,,,245
6YKP,E,141,GLU,4.2,3.874259233,,-0.325740767,,,246
6YKP,E,144,GLU,4.2,3.938302755,,-0.261697245,,,247
6YKP,E,151,GLU,4.2,4.810426712,,0.610426712,,,248
6YKP,E,170,LYS,10.4,10.80218029,,0.40218029,,,249
6YKP,E,173,ASP,3.7,3.713062048,,0.013062048,,,250
6YKP,E,205,LYS,10.4,11.15066719,,0.750667191,,,251
6YKP,E,206,LYS,10.4,10.70330811,,0.303308105,,,252
6YKP,E,208,LYS,10.4,10.6494112,,0.249411201,,,253
6YKP,E,213,ASP,3.7,3.132827044,,-0.567172956,,,254
6YKP,E,216,LYS,10.4,11.22013855,,0.82013855,,,255
6YKP,E,217,GLU,4.2,4.292704105,,0.092704105,,,256
6YKP,E,223,GLU,4.2,4.713616371,,0.513616371,,,257
6YKP,E,226,LYS,10.4,11.61862183,,1.218621826,,,258
6YKP,E,230,GLU,4.2,4.61260128,,0.41260128,,,259
6YKP,E,236,ASP,3.7,3.320546627,,-0.379453373,,,260
6YKP,E,238,GLU,4.2,5.248473167,,1.048473167,,,261
6YKP,E,240,LYS,10.4,11.56866169,,1.16866169,,,262
6YKP,E,247,HIS,6.34,6.936694622,,0.596694622,,,263
6YKP,E,248,ASP,3.7,2.774017334,,-0.925982666,,,264
6YKP,E,249,ASP,3.7,3.082220078,,-0.617779922,,,265
6YKP,F,14,GLU,4.2,3.181925297,,-1.018074703,,,266
6YKP,F,15,LYS,10.4,10.36529541,,-0.03470459,,,267
6YKP,F,22,ASP,3.7,4.46699667,,0.76699667,,,268
6YKP,F,39,LYS,10.4,10.85799026,,0.457990265,,,269
6YKP,G,14,GLU,4.2,3.244115829,,-0.955884171,,,270
6YKP,G,15,LYS,10.4,10.74678898,,0.346788979,,,271
6YKP,G,22,ASP,3.7,8.382257462,,4.682257462,,,272
6YKP,G,39,LYS,10.4,10.96965981,,0.569659805,,,273
